recommendation_id,recommendation_date,plant_id,material_id,recommendation_type,priority,trigger_reason,recommended_qty,recommended_supplier_id,recommended_source_plant,estimated_cost,days_until_stockout,current_on_hand,safety_stock_level,days_forward_coverage,material_lead_time,lead_time_variability,action_taken
1,2025-06-22,PLT-OH1,MAT-001,NEW_PO,HIGH,"LOW INVENTORY: QoH=208528.9 < SafetyStock=222430.8, DFC=45.0d <= LT+Var=48d. No excess at other plants or freight cost exceeds PO cost",236333,SUP-003,,7312662.95,45.0,208528.86,222430.79,45.0,40,8,False
2,2025-06-22,PLT-OH1,MAT-002,NEW_PO,HIGH,"LOW INVENTORY: QoH=194626.9 < SafetyStock=227064.8, DFC=42.0d <= LT+Var=49d. No excess at other plants or freight cost exceeds PO cost",259503,SUP-003,,6045823.04,42.0,194626.94,227064.76,42.0,40,9,False
3,2025-06-22,PLT-OH1,MAT-005,NEW_PO,CRITICAL,"LOW INVENTORY: QoH=1294.9 < SafetyStock=2252.1, DFC=46.6d <= LT+Var=81d. No excess at other plants or freight cost exceeds PO cost",3209,SUP-006,,1047882.26,46.57,1294.89,2252.11,46.57,70,11,True
4,2025-06-22,PLT-OH1,MAT-006,NEW_PO,CRITICAL,"LOW INVENTORY: QoH=536.4 < SafetyStock=769.2, DFC=57.9d <= LT+Var=83d. No excess at other plants or freight cost exceeds PO cost",1002,SUP-004,,204657.2,57.88,536.42,769.24,57.88,70,13,True
5,2025-06-22,PLT-OH1,MAT-007,NEW_PO,CRITICAL,"LOW INVENTORY: QoH=700.2 < SafetyStock=1000.9, DFC=50.4d <= LT+Var=72d. No excess at other plants or freight cost exceeds PO cost",1302,SUP-005,,242140.1,50.37,700.23,1000.94,50.37,60,12,False
6,2025-06-22,PLT-OH1,MAT-008,NEW_PO,CRITICAL,"LOW INVENTORY: QoH=202.7 < SafetyStock=324.4, DFC=43.8d <= LT+Var=70d. No excess at other plants or freight cost exceeds PO cost",446,SUP-005,,200977.77,43.75,202.73,324.38,43.75,60,10,False
7,2025-06-22,PLT-OH1,MAT-012,EXCESS_ALERT,LOW,"EXCESS INVENTORY: QoH=1008686.2 > 3xSafetyStock=917527.0, DFC=108.8d > 2xLT=60d",549923,,,0,108.84,1008686.18,305842.33,108.84,30,3,False
8,2025-06-22,PLT-OH1,MAT-018,EXCESS_ALERT,LOW,"EXCESS INVENTORY: QoH=2626.8 > 3xSafetyStock=2432.8, DFC=113.4d > 2xLT=58d",1410,,,0,113.37,2626.78,810.95,113.37,29,6,False
9,2025-06-22,PLT-OH1,MAT-023,NEW_PO,CRITICAL,"LOW INVENTORY: QoH=1254.2 < SafetyStock=1737.7, DFC=18.0d <= LT+Var=25d. No excess at other plants or freight cost exceeds PO cost",2221,SUP-011,,344649.89,18.04,1254.2,1737.74,18.04,23,2,True
10,2025-06-22,PLT-OH1,MAT-024,NEW_PO,HIGH,"LOW INVENTORY: QoH=221.2 < SafetyStock=231.7, DFC=23.9d <= LT+Var=25d. No excess at other plants or freight cost exceeds PO cost",242,SUP-011,,15952.59,23.87,221.23,231.7,23.87,23,2,True
11,2025-06-22,PLT-OH1,MAT-027,NEW_PO,HIGH,"LOW INVENTORY: QoH=203.3 < SafetyStock=324.4, DFC=21.9d <= LT+Var=26d. No excess at other plants or freight cost exceeds PO cost",445,SUP-011,,2092.39,21.94,203.32,324.38,21.94,23,3,False
12,2025-06-22,PLT-OH1,MAT-038,TRANSFER,HIGH,"LOW INVENTORY: QoH=385.2 < SafetyStock=653.4, DFC=27.7d <= LT+Var=47d. Freight $2,550 (850 mi x 1 truck(s)) < New PO $175,615",922,,PLT-LA1,2550.0,27.71,385.16,653.39,27.71,41,6,False
13,2025-06-22,PLT-OH1,MAT-047,NEW_PO,HIGH,"LOW INVENTORY: QoH=54377.8 < SafetyStock=69509.6, DFC=11.7d <= LT+Var=15d. No excess at other plants or freight cost exceeds PO cost",84641,SUP-019,,286188.15,11.73,54377.83,69509.62,11.73,13,2,False
14,2025-06-22,PLT-OH1,MAT-048,EXCESS_ALERT,LOW,"EXCESS INVENTORY: QoH=216572.1 > 3xSafetyStock=208528.9, DFC=46.7d > 2xLT=26d",112308,,,0,46.74,216572.09,69509.62,46.74,13,2,False
15,2025-06-22,PLT-OH1,MAT-049,NEW_PO,HIGH,"LOW INVENTORY: QoH=689.9 < SafetyStock=880.5, DFC=14.9d <= LT+Var=19d. No excess at other plants or freight cost exceeds PO cost",1071,SUP-011,,9935.35,14.89,689.91,880.46,14.89,16,3,False
16,2025-06-22,PLT-AL1,MAT-001,NEW_PO,CRITICAL,"LOW INVENTORY: QoH=84939.3 < SafetyStock=212348.2, DFC=18.0d <= LT+Var=45d. No excess at other plants or freight cost exceeds PO cost",339757,SUP-001,,9960078.38,18.0,84939.28,212348.2,18.0,40,5,False
17,2025-06-22,PLT-AL1,MAT-002,NEW_PO,HIGH,"LOW INVENTORY: QoH=94377.0 < SafetyStock=207629.3, DFC=20.0d <= LT+Var=44d. No excess at other plants or freight cost exceeds PO cost",320882,SUP-001,,7362797.93,20.0,94376.98,207629.35,20.0,40,4,False
18,2025-06-22,PLT-AL1,MAT-005,NEW_PO,CRITICAL,"LOW INVENTORY: QoH=1264.6 < SafetyStock=2293.4, DFC=44.7d <= LT+Var=81d. No excess at other plants or freight cost exceeds PO cost",3322,SUP-006,,1028655.31,44.66,1264.6,2293.36,44.66,70,11,False
19,2025-06-22,PLT-AL1,MAT-006,NEW_PO,CRITICAL,"LOW INVENTORY: QoH=614.9 < SafetyStock=783.3, DFC=65.2d <= LT+Var=83d. No excess at other plants or freight cost exceeds PO cost",952,SUP-004,,199758.06,65.15,614.91,783.33,65.15,70,13,False
20,2025-06-22,PLT-AL1,MAT-007,NEW_PO,CRITICAL,"LOW INVENTORY: QoH=574.7 < SafetyStock=1019.3, DFC=40.6d <= LT+Var=72d. No excess at other plants or freight cost exceeds PO cost",1464,SUP-005,,270551.59,40.6,574.69,1019.27,40.6,60,12,False
21,2025-06-22,PLT-AL1,MAT-008,NEW_PO,CRITICAL,"LOW INVENTORY: QoH=215.4 < SafetyStock=330.3, DFC=45.6d <= LT+Var=70d. No excess at other plants or freight cost exceeds PO cost",445,SUP-005,,192107.21,45.65,215.43,330.32,45.65,60,10,False
22,2025-06-22,PLT-AL1,MAT-009,TRANSFER,CRITICAL,"LOW INVENTORY: QoH=161.3 < SafetyStock=165.2, DFC=34.2d <= LT+Var=78d. Freight $1,260 (420 mi x 1 truck(s)) < New PO $23,855",250,,PLT-LA1,1260.0,34.18,161.27,165.16,34.18,70,8,False
23,2025-06-22,PLT-AL1,MAT-011,NEW_PO,HIGH,"LOW INVENTORY: QoH=206538.0 < SafetyStock=273693.2, DFC=21.9d <= LT+Var=29d. No excess at other plants or freight cost exceeds PO cost",340848,SUP-008,,2267354.98,21.88,206538.02,273693.23,21.88,27,2,True
24,2025-06-22,PLT-AL1,MAT-012,EXCESS_ALERT,LOW,"EXCESS INVENTORY: QoH=965648.8 > 3xSafetyStock=934332.1, DFC=102.3d > 2xLT=60d",498483,,,0,102.32,965648.77,311444.02,102.32,30,3,False
25,2025-06-22,PLT-AL1,MAT-014,NEW_PO,HIGH,"LOW INVENTORY: QoH=153512.9 < SafetyStock=155722.0, DFC=32.5d <= LT+Var=33d. No excess at other plants or freight cost exceeds PO cost",157931,SUP-008,,139184.59,32.53,153512.88,155722.01,32.53,27,6,False
26,2025-06-22,PLT-AL1,MAT-017,NEW_PO,HIGH,"LOW INVENTORY: QoH=84093.2 < SafetyStock=127408.9, DFC=17.8d <= LT+Var=27d. No excess at other plants or freight cost exceeds PO cost",170725,SUP-009,,356234.78,17.82,84093.17,127408.92,17.82,24,3,False
27,2025-06-22,PLT-AL1,MAT-018,TRANSFER,HIGH,"LOW INVENTORY: QoH=510.7 < SafetyStock=825.8, DFC=21.6d <= LT+Var=35d. Freight $2,040 (680 mi x 1 truck(s)) < New PO $20,538",1141,,PLT-OH1,2040.0,21.65,510.75,825.8,21.65,29,6,True
28,2025-06-22,PLT-AL1,MAT-019,NEW_PO,HIGH,"LOW INVENTORY: QoH=364186.5 < SafetyStock=410539.8, DFC=25.7d <= LT+Var=29d. No excess at other plants or freight cost exceeds PO cost",456893,SUP-009,,298625.26,25.73,364186.45,410539.84,25.73,24,5,False
29,2025-06-22,PLT-AL1,MAT-021,NEW_PO,HIGH,"LOW INVENTORY: QoH=174026.1 < SafetyStock=220842.1, DFC=20.5d <= LT+Var=26d. No excess at other plants or freight cost exceeds PO cost",267658,SUP-010,,76362.83,20.49,174026.1,220842.12,20.49,24,2,False
30,2025-06-22,PLT-AL1,MAT-038,TRANSFER,HIGH,"LOW INVENTORY: QoH=435.2 < SafetyStock=566.3, DFC=30.7d <= LT+Var=40d. Freight $1,260 (420 mi x 1 truck(s)) < New PO $143,303",697,,PLT-LA1,1260.0,30.74,435.17,566.26,30.74,33,7,False
31,2025-06-22,PLT-AL1,MAT-039,TRANSFER,HIGH,"LOW INVENTORY: QoH=296.2 < SafetyStock=424.7, DFC=31.4d <= LT+Var=45d. Freight $1,260 (420 mi x 1 truck(s)) < New PO $122,208",553,,PLT-LA1,1260.0,31.39,296.21,424.7,31.39,41,4,False
32,2025-06-22,PLT-AL1,MAT-047,NEW_PO,HIGH,"LOW INVENTORY: QoH=44731.9 < SafetyStock=70782.7, DFC=9.5d <= LT+Var=15d. No excess at other plants or freight cost exceeds PO cost",96834,SUP-019,,330339.51,9.48,44731.89,70782.73,9.48,13,2,True
33,2025-06-22,PLT-AL1,MAT-049,NEW_PO,HIGH,"LOW INVENTORY: QoH=890.9 < SafetyStock=896.6, DFC=18.9d <= LT+Var=19d. No excess at other plants or freight cost exceeds PO cost",902,SUP-011,,8021.58,18.88,890.91,896.58,18.88,16,3,False
34,2025-06-22,PLT-AL1,MAT-050,NEW_PO,HIGH,"LOW INVENTORY: QoH=684.5 < SafetyStock=707.8, DFC=14.5d <= LT+Var=15d. No excess at other plants or freight cost exceeds PO cost",731,SUP-019,,16517.31,14.51,684.53,707.83,14.51,13,2,False
35,2025-06-22,PLT-LA1,MAT-001,NEW_PO,HIGH,"LOW INVENTORY: QoH=49340.1 < SafetyStock=88812.3, DFC=25.0d <= LT+Var=45d. No excess at other plants or freight cost exceeds PO cost",128284,SUP-001,,3880578.17,25.0,49340.15,88812.27,25.0,40,5,False
36,2025-06-22,PLT-LA1,MAT-002,NEW_PO,HIGH,"LOW INVENTORY: QoH=47366.5 < SafetyStock=86838.7, DFC=24.0d <= LT+Var=44d. No excess at other plants or freight cost exceeds PO cost",126311,SUP-001,,2832309.45,24.0,47366.54,86838.66,24.0,40,4,False
37,2025-06-22,PLT-LA1,MAT-004,EXCESS_ALERT,LOW,"EXCESS INVENTORY: QoH=4480.5 > 3xSafetyStock=4144.6, DFC=113.5d > 2xLT=80d",2408,,,0,113.51,4480.53,1381.52,113.51,40,9,False
38,2025-06-22,PLT-LA1,MAT-005,NEW_PO,CRITICAL,"LOW INVENTORY: QoH=698.0 < SafetyStock=947.3, DFC=59.0d <= LT+Var=80d. No excess at other plants or freight cost exceeds PO cost",1197,SUP-004,,378988.04,58.95,698.01,947.33,58.95,70,10,False
39,2025-06-22,PLT-LA1,MAT-006,NEW_PO,CRITICAL,"LOW INVENTORY: QoH=197.8 < SafetyStock=327.6, DFC=50.1d <= LT+Var=83d. No excess at other plants or freight cost exceeds PO cost",457,SUP-004,,96426.13,50.11,197.78,327.62,50.11,70,13,True
40,2025-06-22,PLT-LA1,MAT-007,NEW_PO,CRITICAL,"LOW INVENTORY: QoH=298.6 < SafetyStock=473.7, DFC=50.4d <= LT+Var=80d. No excess at other plants or freight cost exceeds PO cost",649,SUP-006,,112750.58,50.43,298.56,473.67,50.43,70,10,True
41,2025-06-22,PLT-LA1,MAT-008,NEW_PO,CRITICAL,"LOW INVENTORY: QoH=83.8 < SafetyStock=138.2, DFC=42.5d <= LT+Var=70d. No excess at other plants or freight cost exceeds PO cost",250,SUP-005,,108307.42,42.48,83.85,138.15,42.48,60,10,True
42,2025-06-22,PLT-LA1,MAT-009,EXCESS_ALERT,LOW,"EXCESS INVENTORY: QoH=483.5 > 3xSafetyStock=461.8, DFC=245.0d > 2xLT=140d",253,,,0,244.96,483.46,153.94,244.96,70,8,False
43,2025-06-22,PLT-LA1,MAT-010,NEW_PO,CRITICAL,"LOW INVENTORY: QoH=20.7 < SafetyStock=34.5, DFC=21.0d <= LT+Var=73d. No excess at other plants or freight cost exceeds PO cost",48,SUP-005,,474.69,20.99,20.71,34.54,20.99,60,13,False
44,2025-06-22,PLT-LA1,MAT-011,NEW_PO,HIGH,"LOW INVENTORY: QoH=145291.1 < SafetyStock=146046.8, DFC=36.8d <= LT+Var=37d. No excess at other plants or freight cost exceeds PO cost",146803,SUP-007,,995104.14,36.81,145291.08,146046.84,36.81,30,7,False
45,2025-06-22,PLT-LA1,MAT-012,TRANSFER,HIGH,"LOW INVENTORY: QoH=91298.4 < SafetyStock=130258.0, DFC=23.1d <= LT+Var=33d. Freight $27,720 (420 mi x 22 truck(s)) < New PO $671,779",169218,,PLT-AL1,27720.0,23.13,91298.38,130257.99,23.13,30,3,False
46,2025-06-22,PLT-LA1,MAT-013,NEW_PO,HIGH,"LOW INVENTORY: QoH=51007.1 < SafetyStock=65129.0, DFC=25.8d <= LT+Var=33d. No excess at other plants or freight cost exceeds PO cost",79251,SUP-007,,182404.1,25.84,51007.1,65129.0,25.84,30,3,False
47,2025-06-22,PLT-LA1,MAT-017,NEW_PO,HIGH,"LOW INVENTORY: QoH=36844.4 < SafetyStock=53287.4, DFC=18.7d <= LT+Var=27d. No excess at other plants or freight cost exceeds PO cost",69730,SUP-009,,141949.36,18.67,36844.41,53287.36,18.67,24,3,False
48,2025-06-22,PLT-LA1,MAT-020,EXCESS_ALERT,LOW,"EXCESS INVENTORY: QoH=417431.6 > 3xSafetyStock=399655.2, DFC=84.6d > 2xLT=48d",217604,,,0,84.6,417431.61,133218.4,84.6,24,3,False
49,2025-06-22,PLT-LA1,MAT-021,NEW_PO,HIGH,"LOW INVENTORY: QoH=66444.6 < SafetyStock=117232.2, DFC=18.7d <= LT+Var=33d. No excess at other plants or freight cost exceeds PO cost",168020,SUP-018,,47045.6,18.7,66444.55,117232.19,18.7,29,4,False
50,2025-06-22,PLT-LA1,MAT-023,NEW_PO,CRITICAL,"LOW INVENTORY: QoH=714.5 < SafetyStock=1036.1, DFC=24.1d <= LT+Var=25d. No excess at other plants or freight cost exceeds PO cost",1358,SUP-011,,210731.45,24.14,714.5,1036.14,24.14,23,2,True
51,2025-06-22,PLT-LA1,MAT-027,NEW_PO,HIGH,"LOW INVENTORY: QoH=78.3 < SafetyStock=102.6, DFC=19.8d <= LT+Var=26d. No excess at other plants or freight cost exceeds PO cost",127,SUP-011,,597.15,19.83,78.29,102.63,19.83,23,3,True
52,2025-06-22,PLT-LA1,MAT-038,EXCESS_ALERT,LOW,"EXCESS INVENTORY: QoH=804.5 > 3xSafetyStock=781.5, DFC=135.9d > 2xLT=80d",414,,,0,135.87,804.49,260.52,135.87,40,4,False
53,2025-06-22,PLT-LA1,MAT-039,EXCESS_ALERT,LOW,"EXCESS INVENTORY: QoH=432.8 > 3xSafetyStock=414.5, DFC=109.6d > 2xLT=82d",226,,,0,109.64,432.78,138.15,109.64,41,4,False
54,2025-06-22,PLT-LA1,MAT-040,NEW_PO,HIGH,"LOW INVENTORY: QoH=29378.0 < SafetyStock=49340.1, DFC=29.8d <= LT+Var=50d. No excess at other plants or freight cost exceeds PO cost",69302,SUP-012,,1966049.23,29.77,29378.03,49340.15,29.77,41,9,False
55,2025-06-22,PLT-LA1,MAT-048,TRANSFER,HIGH,"LOW INVENTORY: QoH=28183.4 < SafetyStock=29604.1, DFC=14.3d <= LT+Var=15d. Freight $10,200 (850 mi x 4 truck(s)) < New PO $59,081",31025,,PLT-OH1,10200.0,14.28,28183.36,29604.09,14.28,13,2,False
56,2025-06-22,PLT-LA1,MAT-049,NEW_PO,HIGH,"LOW INVENTORY: QoH=281.3 < SafetyStock=375.0, DFC=14.2d <= LT+Var=19d. No excess at other plants or freight cost exceeds PO cost",469,SUP-011,,4174.33,14.25,281.29,374.99,14.25,16,3,False
